{
    "Random Forest": 0.8732276897414513,
    "SVM": 0.9099249374478732,
    "KNN": 0.8340283569641368
}